transaction_id,date,product,category,quantity,unit_price,region,customer_id
1,2023-03-11,Pillow,Home,2,77.5,West,4853
2,2024-08-15,Textbook,Books,10,75.61,Southeast,1651
3,2024-06-19,Pillow,Home,10,41.2,West,6183
4,2023-09-29,Milk,Groceries,6,17.06,Southeast,7484
5,2024-04-14,Hat,Clothing,2,74.0,Northeast,2638
6,2023-03-12,Headphones,Electronics,3,520.7,Midwest,5002
7,2024-09-18,Eggs,Groceries,9,4.78,Midwest,9666
8,2023-09-28,Monitor,Electronics,2,933.79,Southeast,2891
9,2023-12-18,Tablet,Electronics,10,294.17,Southeast,4335
10,2024-10-11,Cheese,Groceries,1,7.02,Northeast,7939
11,2023-06-15,Rice,Groceries,3,1.08,Midwest,8239
12,2024-12-08,Candle,Home,2,53.11,Northeast,3442
13,2023-06-01,Lamp,Home,10,76.1,West,8041
14,2023-08-04,T-Shirt,Clothing,1,53.15,Midwest,5088
15,2023-06-08,Keyboard,Electronics,7,786.7,West,4878
16,2023-12-07,Jacket,Clothing,1,133.39,Southeast,7745
17,2023-02-09,Hat,Clothing,2,32.28,Southwest,8711
18,2023-11-09,Sneakers,Clothing,8,124.31,Midwest,4728
19,2023-10-13,T-Shirt,Clothing,7,102.39,Midwest,2137
20,2023-12-06,Chicken,Groceries,7,16.39,West,1452
21,2023-04-22,Monitor,Electronics,5,203.2,Northeast,8119
22,2024-01-30,Chicken,Groceries,9,11.46,Northeast,4114
23,2024-07-05,Rice,Groceries,1,18.0,West,4228
24,2023-11-18,Apples,Groceries,6,2.67,West,3041
25,2024-12-14,Eggs,Groceries,6,17.0,Southwest,5844
26,2024-09-22,Blanket,Home,7,22.1,Southeast,5930
27,2024-08-16,Novel,Books,4,27.78,Southwest,6279
28,2024-04-29,Guide,Books,4,38.15,West,3780
29,2023-04-06,Monitor,Electronics,10,529.98,Midwest,4848
30,2023-02-17,Milk,Groceries,3,20.35,Northeast,5011
31,2024-12-14,Textbook,Books,10,39.15,Southeast,7291
32,2024-03-11,Journal,Books,1,23.29,Northeast,4585
33,2024-04-12,Dress,Clothing,4,17.02,Northeast,3184
34,2024-05-31,Magazine,Books,8,76.24,West,7991
35,2023-09-23,Vase,Home,8,81.36,Southwest,5050
36,2023-03-21,Cheese,Groceries,5,16.03,Southwest,5681
37,2023-05-22,Hat,Clothing,9,57.01,Northeast,3471
38,2024-02-29,Socks,Clothing,4,107.14,Northeast,7678
39,2024-02-03,Cheese,Groceries,4,10.97,Southwest,1320
40,2024-02-04,Candle,Home,6,46.06,Midwest,7865
41,2024-05-12,Mug,Home,5,47.0,Southwest,1475
42,2024-04-23,Magazine,Books,7,55.16,Southeast,3091
43,2024-11-09,Lamp,Home,10,82.17,West,1444
44,2023-02-21,Mouse,Electronics,8,161.62,Southeast,5262
45,2024-01-24,Magazine,Books,6,20.86,Midwest,5558
46,2024-07-06,Comic,Books,8,67.61,Northeast,1853
47,2023-09-11,Milk,Groceries,1,16.59,Northeast,4266
48,2024-07-31,Tablet,Electronics,8,261.38,Northeast,4571
49,2024-09-13,Comic,Books,3,62.51,West,2876
50,2024-08-12,Hat,Clothing,1,25.12,Midwest,7149
51,2024-12-14,Biography,Books,4,10.69,Northeast,5941
52,2023-12-22,Pillow,Home,10,72.87,Northeast,9728
53,2024-03-06,Magazine,Books,6,10.16,Northeast,9031
54,2024-03-21,Mouse,Electronics,8,961.95,Southeast,3885
55,2024-04-21,Plate,Home,9,57.73,Southwest,8136
56,2023-10-13,Plate,Home,4,33.06,Northeast,8385
57,2023-01-30,Dress,Clothing,7,89.77,Midwest,9098
58,2023-12-15,Bread,Groceries,6,12.69,Midwest,5581
59,2023-03-29,Plate,Home,9,52.68,Southeast,4954
60,2024-10-23,Guide,Books,4,46.63,Southwest,9041
61,2024-12-09,Novel,Books,4,11.97,Southwest,4986
62,2024-03-11,Chicken,Groceries,9,12.35,Midwest,6419
63,2023-05-04,Cheese,Groceries,5,7.49,Southeast,4155
64,2023-08-10,Pasta,Groceries,3,18.82,Southeast,8933
65,2023-08-21,Eggs,Groceries,4,24.52,Midwest,6912
66,2023-10-08,Hat,Clothing,9,11.97,Southeast,1745
67,2023-04-16,Monitor,Electronics,3,706.48,Southwest,1200
68,2023-07-08,Plate,Home,8,45.42,Midwest,1841
69,2024-05-18,Cheese,Groceries,2,3.73,Southwest,2213
70,2023-03-29,Lamp,Home,10,18.74,Midwest,5066
71,2024-06-19,Mouse,Electronics,10,618.12,Southeast,7232
72,2023-11-09,Guide,Books,10,27.29,Southwest,1986
73,2023-09-28,Pillow,Home,4,85.59,Southeast,2330
74,2023-01-03,Sneakers,Clothing,2,34.32,Southeast,7693
75,2024-12-24,Guide,Books,4,26.83,Midwest,5632
76,2024-11-08,Textbook,Books,5,56.54,West,4241
77,2023-05-26,Textbook,Books,3,45.83,Midwest,2169
78,2023-10-23,Tablet,Electronics,10,798.84,West,8195
79,2024-05-27,Webcam,Electronics,7,698.01,Midwest,9847
80,2023-11-27,Guide,Books,1,11.02,Southwest,5102
81,2023-01-22,Phone,Electronics,10,252.05,West,5415
82,2024-06-15,Lamp,Home,3,70.09,Southwest,8245
83,2023-04-04,Bread,Groceries,7,24.92,Southwest,8700
84,2023-12-04,Apples,Groceries,2,8.99,Southeast,7744
85,2023-02-07,Comic,Books,7,54.68,West,8451
86,2024-06-10,Keyboard,Electronics,2,274.82,Southwest,1018
87,2024-01-06,Vase,Home,4,40.7,West,9167
88,2023-10-22,Novel,Books,9,20.26,Southeast,8178
89,2024-12-27,Textbook,Books,10,7.16,Southeast,3594
90,2023-04-27,Rice,Groceries,2,14.24,Southeast,8560
91,2024-12-23,Tablet,Electronics,5,513.41,West,5479
92,2024-07-18,Guide,Books,4,78.51,Southwest,3369
93,2023-03-13,Biography,Books,9,74.13,Southeast,5526
94,2023-01-03,Magazine,Books,9,75.06,Midwest,5634
95,2024-05-10,Cheese,Groceries,8,21.76,West,6654
96,2024-12-15,Apples,Groceries,6,11.92,Southeast,4912
97,2023-11-22,Candle,Home,7,25.61,Northeast,8749
98,2023-02-07,Journal,Books,3,79.12,Southwest,3068
99,2024-06-22,Towel,Home,8,79.04,Northeast,8486
100,2024-04-25,Tablet,Electronics,3,427.67,Northeast,5342
101,2024-01-25,Apples,Groceries,6,16.59,West,6188
102,2023-08-21,Novel,Books,4,51.3,Midwest,2480
103,2023-06-20,Textbook,Books,2,62.02,Southwest,5906
104,2024-01-03,Laptop,Electronics,1,344.63,Midwest,7141
105,2024-11-29,Cookbook,Books,7,23.3,West,3950
106,2024-11-30,Jacket,Clothing,7,21.05,West,4945
107,2023-09-19,Cookbook,Books,5,22.4,Southwest,1153
108,2024-03-28,Comic,Books,3,55.81,Northeast,6661
109,2024-04-12,Plate,Home,7,59.66,Midwest,5949
110,2024-01-26,Socks,Clothing,2,129.46,Southeast,6881
111,2024-11-05,Plate,Home,5,89.38,Northeast,7484
112,2024-05-23,Rice,Groceries,1,14.57,West,5689
113,2023-09-14,Scarf,Clothing,4,40.65,West,3240
114,2024-08-16,Laptop,Electronics,8,329.65,Northeast,6977
115,2023-06-29,Jeans,Clothing,6,137.34,Southwest,4289
116,2023-09-21,Scarf,Clothing,5,84.31,Southeast,8894
117,2023-05-25,Chicken,Groceries,8,20.29,Northeast,4696
118,2023-09-28,Magazine,Books,7,11.76,Northeast,9791
119,2024-01-26,Webcam,Electronics,5,387.52,West,7086
120,2023-12-02,Headphones,Electronics,10,487.32,West,4626
121,2023-04-30,Webcam,Electronics,5,912.1,Southwest,3290
122,2023-04-10,Laptop,Electronics,8,325.22,Northeast,4846
123,2024-03-05,Blanket,Home,6,38.64,West,3531
124,2023-10-14,Textbook,Books,10,67.52,Southwest,1536
125,2023-04-12,Milk,Groceries,4,11.63,Midwest,7018
126,2023-05-06,Towel,Home,5,11.08,Southeast,8450
127,2023-02-21,Headphones,Electronics,10,652.44,Northeast,6464
128,2024-07-21,Jacket,Clothing,4,120.17,Northeast,4394
129,2023-06-01,Mug,Home,4,74.29,Midwest,1046
130,2023-06-28,Bread,Groceries,9,24.69,Midwest,2801
131,2023-11-28,Tablet,Electronics,4,44.4,West,1258
132,2023-04-27,Hat,Clothing,7,17.33,West,2041
133,2023-04-22,Guide,Books,9,63.34,West,8405
134,2023-11-05,Mug,Home,1,85.4,West,8504
135,2024-12-03,Laptop,Electronics,7,998.62,Southwest,2768
136,2024-09-14,Guide,Books,2,10.5,Midwest,3430
137,2024-12-30,Tablet,Electronics,10,296.76,West,6327
138,2023-04-12,Comic,Books,10,39.02,Southwest,2874
139,2023-12-14,Mug,Home,4,42.12,Southwest,8430
140,2023-11-17,Journal,Books,6,59.71,Southwest,5176
141,2023-04-04,Bread,Groceries,8,17.47,Northeast,2398
142,2024-07-23,Mouse,Electronics,6,123.66,Southeast,1982
143,2024-11-12,Towel,Home,7,62.27,Midwest,7929
144,2024-08-14,Monitor,Electronics,6,612.39,Northeast,9313
145,2023-12-25,Jacket,Clothing,4,101.93,Northeast,7022
146,2024-09-28,Monitor,Electronics,7,586.87,West,1430
147,2023-12-14,Plate,Home,5,8.42,Midwest,6751
148,2023-03-13,Tablet,Electronics,10,873.76,Southwest,3324
149,2024-03-05,Phone,Electronics,4,753.72,Southwest,8432
150,2024-09-02,Bread,Groceries,6,9.87,West,2391
151,2024-11-21,Tablet,Electronics,10,182.68,Northeast,2336
152,2024-03-28,Cheese,Groceries,8,16.88,West,7785
153,2024-03-16,Milk,Groceries,2,19.11,Midwest,2816
154,2023-08-14,Cheese,Groceries,5,13.64,Northeast,7475
155,2023-05-21,Lamp,Home,5,6.64,Southeast,5186
156,2023-06-29,Chicken,Groceries,8,3.87,Southwest,3116
157,2024-02-11,Biography,Books,6,42.51,Northeast,1693
158,2024-08-12,Novel,Books,2,39.47,Midwest,8033
159,2023-04-28,Candle,Home,7,65.59,Midwest,7636
160,2024-12-07,Keyboard,Electronics,10,196.71,Southwest,6928
161,2024-08-26,Mouse,Electronics,4,849.14,Southwest,7560
162,2023-08-15,Pillow,Home,5,39.23,Midwest,6456
163,2024-06-06,Jeans,Clothing,2,81.46,West,4176
164,2023-04-16,Chicken,Groceries,3,18.45,Southeast,3399
165,2023-07-01,Milk,Groceries,3,5.15,Northeast,9095
166,2023-11-27,Guide,Books,10,56.08,West,6179
167,2023-10-09,Dress,Clothing,8,19.55,Midwest,1920
168,2023-02-28,Pasta,Groceries,8,8.44,Northeast,7041
169,2024-08-31,Pasta,Groceries,2,16.46,West,9307
170,2024-08-08,Guide,Books,1,48.51,Southwest,4084
171,2023-04-16,Cheese,Groceries,1,13.02,Southwest,6626
172,2024-06-20,Tablet,Electronics,8,67.96,Southwest,9564
173,2024-02-23,Blanket,Home,5,36.56,Southwest,6543
174,2023-12-04,Lamp,Home,6,72.29,Northeast,2548
175,2023-12-08,Candle,Home,10,29.86,Southeast,2335
176,2023-05-13,Blanket,Home,5,83.0,Southwest,2388
177,2024-11-17,Apples,Groceries,6,16.43,Southeast,9624
178,2023-11-13,Mouse,Electronics,1,523.22,Midwest,3953
179,2023-08-20,Scarf,Clothing,8,142.66,Southeast,3253
180,2024-07-06,Jeans,Clothing,2,51.4,West,9626
181,2024-09-03,Keyboard,Electronics,10,880.09,Southeast,7172
182,2024-03-24,Jacket,Clothing,10,35.31,Southeast,1715
183,2024-09-17,Magazine,Books,4,55.72,Southwest,5668
184,2023-07-18,Biography,Books,5,45.04,Southwest,7026
185,2024-05-29,Vase,Home,5,44.77,Southwest,9641
186,2023-09-14,Cookbook,Books,10,66.26,Southeast,1854
187,2023-05-08,Magazine,Books,2,46.58,West,5670
188,2024-03-23,Tablet,Electronics,9,294.6,Southeast,2502
189,2023-02-24,Dress,Clothing,1,133.84,Southwest,7495
190,2023-08-18,Towel,Home,2,25.8,Midwest,1461
191,2023-05-21,Pasta,Groceries,6,21.13,Southeast,1627
192,2024-04-04,Cheese,Groceries,3,17.7,Southwest,1086
193,2024-09-15,Laptop,Electronics,3,278.24,West,9647
194,2023-05-05,Textbook,Books,4,63.2,Midwest,1782
195,2023-03-06,Socks,Clothing,10,99.44,Southwest,2816
196,2023-05-28,Novel,Books,10,52.39,Southeast,5772
197,2024-03-02,Novel,Books,4,51.1,West,4068
198,2024-06-03,Keyboard,Electronics,9,95.64,West,9316
199,2024-10-12,Lamp,Home,8,38.79,Northeast,7338
200,2023-12-20,Eggs,Groceries,6,18.93,Northeast,4950
201,2023-12-13,Keyboard,Electronics,6,159.4,West,3868
202,2024-04-13,Guide,Books,3,52.37,Northeast,1605
203,2023-11-20,Milk,Groceries,4,2.04,Northeast,6080
204,2023-09-17,Candle,Home,9,89.08,Southwest,1599
205,2023-10-07,Hat,Clothing,1,59.97,Midwest,3039
206,2023-12-14,Apples,Groceries,8,22.34,Southwest,4060
207,2023-03-26,Guide,Books,9,32.54,Midwest,7955
208,2023-10-28,Mouse,Electronics,3,614.37,West,6262
209,2024-04-01,Phone,Electronics,5,348.07,Midwest,7981
210,2024-09-21,Dress,Clothing,1,59.21,Midwest,8126
211,2024-06-09,Rice,Groceries,7,2.79,Midwest,3621
212,2023-05-10,Tablet,Electronics,8,853.2,Northeast,2101
213,2024-09-11,Scarf,Clothing,10,60.69,Northeast,3513
214,2023-05-21,Magazine,Books,2,32.89,West,9674
215,2023-04-27,Apples,Groceries,5,8.54,Southeast,1424
216,2023-09-26,Dress,Clothing,9,82.47,Northeast,5264
217,2023-07-24,Biography,Books,5,79.72,Southwest,3009
218,2024-11-29,Jeans,Clothing,8,73.28,Northeast,6236
219,2023-06-11,Pasta,Groceries,5,14.19,Midwest,3852
220,2023-08-31,Milk,Groceries,4,3.9,Southeast,9094
221,2024-07-18,Keyboard,Electronics,6,567.39,Southwest,3126
222,2024-06-22,Pillow,Home,7,11.51,Southwest,7730
223,2024-04-05,Textbook,Books,6,14.39,Northeast,8632
224,2023-07-06,Towel,Home,9,16.77,West,3114
225,2023-11-08,Novel,Books,9,67.34,Southeast,3697
226,2024-06-15,Scarf,Clothing,4,140.85,Midwest,5653
227,2023-05-09,Monitor,Electronics,9,220.4,Midwest,5961
228,2024-08-17,Pillow,Home,3,48.21,West,3526
229,2023-01-30,Scarf,Clothing,10,127.94,Northeast,2330
230,2024-09-24,Monitor,Electronics,10,661.59,Southwest,1496
231,2023-09-08,Comic,Books,5,53.13,Southwest,7653
232,2024-03-26,Cheese,Groceries,1,2.74,Southeast,7809
233,2023-11-17,Guide,Books,10,20.29,Southeast,6231
234,2024-07-29,Apples,Groceries,6,4.13,West,2739
235,2023-09-11,Milk,Groceries,5,12.19,Southwest,3308
236,2024-03-04,Laptop,Electronics,7,311.5,West,5067
237,2023-06-13,Scarf,Clothing,6,140.72,Southeast,9163
238,2023-01-24,Vase,Home,5,47.89,Southwest,2475
239,2023-12-28,Guide,Books,4,77.49,West,1797
240,2024-07-03,Monitor,Electronics,8,510.04,Midwest,1133
241,2024-02-17,Mouse,Electronics,5,159.91,Midwest,6995
242,2024-01-07,Mouse,Electronics,9,79.61,Southeast,5728
243,2024-09-30,Mouse,Electronics,9,519.12,Midwest,2946
244,2024-01-10,Jeans,Clothing,6,65.14,West,3363
245,2023-05-21,Socks,Clothing,1,80.0,Northeast,6456
246,2023-12-02,Guide,Books,9,16.16,Southeast,6218
247,2023-12-11,Socks,Clothing,5,148.68,West,9311
248,2023-01-18,Vase,Home,5,65.52,Southwest,7035
249,2024-12-05,Pasta,Groceries,10,24.51,Midwest,1436
250,2023-08-22,Vase,Home,10,28.29,West,1841
251,2023-06-01,Vase,Home,10,20.31,Southwest,4968
252,2024-03-04,Phone,Electronics,8,215.05,Midwest,3481
253,2023-03-05,Biography,Books,10,35.77,Southwest,3262
254,2024-01-21,Mug,Home,8,53.1,West,6140
255,2023-12-29,Dress,Clothing,6,137.69,West,5331
256,2024-07-25,Vase,Home,4,22.14,Midwest,5890
257,2023-11-21,Hat,Clothing,4,117.95,Southwest,8861
258,2024-01-24,Eggs,Groceries,10,7.9,West,7464
259,2023-12-21,Bread,Groceries,5,7.96,Northeast,8247
260,2024-07-29,Cheese,Groceries,9,6.13,Midwest,5450
261,2023-09-06,Jeans,Clothing,10,96.18,Southeast,1831
262,2024-02-28,Mug,Home,1,59.58,Northeast,6411
263,2024-07-17,Textbook,Books,3,56.08,Northeast,3587
264,2023-11-25,Guide,Books,4,40.8,Midwest,5676
265,2023-02-08,Phone,Electronics,4,662.72,West,3868
266,2024-05-22,Cookbook,Books,1,75.03,Southwest,4052
267,2023-04-20,Rice,Groceries,10,1.21,West,6489
268,2024-05-20,Cheese,Groceries,9,24.73,West,3198
269,2023-06-16,Vase,Home,2,28.91,Midwest,8518
270,2024-08-04,Bread,Groceries,6,1.33,Midwest,4164
271,2023-03-30,Socks,Clothing,9,125.77,Midwest,7567
272,2023-09-12,Tablet,Electronics,8,982.22,Midwest,1111
273,2023-11-06,Apples,Groceries,5,6.64,Midwest,1187
274,2024-04-21,Chicken,Groceries,1,17.62,Northeast,6026
275,2024-10-16,Socks,Clothing,5,106.04,Northeast,5833
276,2023-06-06,Milk,Groceries,3,6.25,Southwest,8454
277,2024-07-04,Towel,Home,9,40.92,Southwest,4578
278,2023-03-21,Jeans,Clothing,9,83.56,Midwest,2838
279,2023-12-02,Headphones,Electronics,3,585.51,Southeast,9525
280,2023-04-04,Textbook,Books,10,56.01,Southwest,9361
281,2024-04-12,Novel,Books,9,39.0,Southwest,1945
282,2024-02-10,Vase,Home,5,62.5,Northeast,5169
283,2023-12-19,Headphones,Electronics,1,590.95,Southwest,2044
284,2023-02-02,Lamp,Home,2,84.49,Southwest,5703
285,2024-01-27,Cookbook,Books,7,62.66,Midwest,8348
286,2024-10-31,Journal,Books,9,11.01,Southeast,6697
287,2023-05-11,Tablet,Electronics,7,993.05,West,4648
288,2024-03-10,Laptop,Electronics,8,979.13,West,9715
289,2023-10-10,Biography,Books,6,23.55,Southeast,4088
290,2023-01-17,Laptop,Electronics,7,815.18,West,4943
291,2024-09-04,Jeans,Clothing,1,24.12,Southwest,1797
292,2023-08-11,T-Shirt,Clothing,4,66.31,West,1924
293,2024-08-14,Hat,Clothing,10,42.77,Midwest,6253
294,2024-02-28,Hat,Clothing,9,132.67,Southeast,5923
295,2024-10-03,Rice,Groceries,10,14.35,Southeast,7999
296,2024-06-21,Vase,Home,6,9.93,Southwest,6222
297,2024-07-04,Journal,Books,7,16.18,Southeast,8758
298,2023-03-01,Sneakers,Clothing,3,52.09,Southwest,7761
299,2023-12-05,Cookbook,Books,5,34.12,Southeast,2295
300,2023-10-02,Magazine,Books,4,11.92,Northeast,7179
301,2024-11-18,Lamp,Home,4,79.37,West,4555
302,2023-01-16,Biography,Books,6,70.2,Midwest,4470
303,2024-12-13,Jeans,Clothing,8,114.55,Southeast,4350
304,2024-04-22,Biography,Books,5,46.4,Southwest,9743
305,2024-04-22,Eggs,Groceries,9,7.27,Southwest,2615
306,2024-02-28,Magazine,Books,6,73.56,Midwest,1749
307,2024-07-20,Mug,Home,1,68.26,Midwest,7841
308,2024-08-06,Bread,Groceries,4,5.7,Southwest,5026
309,2024-04-16,Magazine,Books,8,24.29,Southwest,3756
310,2023-07-08,Bread,Groceries,9,4.35,Southwest,9882
311,2023-01-07,Laptop,Electronics,2,843.89,Northeast,7756
312,2023-08-12,Sneakers,Clothing,3,19.51,Northeast,9285
313,2024-11-06,Magazine,Books,10,9.52,Southwest,8993
314,2023-01-18,Laptop,Electronics,7,546.24,Northeast,9673
315,2023-04-20,Eggs,Groceries,7,1.4,Southeast,2578
316,2023-09-16,Blanket,Home,10,26.23,West,6807
317,2024-08-01,Apples,Groceries,7,2.89,Southwest,4984
318,2023-04-06,Hat,Clothing,2,105.76,Northeast,7640
319,2024-12-20,Journal,Books,1,46.44,Northeast,3807
320,2023-04-08,Webcam,Electronics,6,849.96,West,9653
321,2023-10-05,Headphones,Electronics,10,235.06,Southwest,1762
322,2023-07-03,Monitor,Electronics,10,902.32,Northeast,6152
323,2023-11-03,Headphones,Electronics,7,599.42,Northeast,3661
324,2023-12-06,Mug,Home,7,53.59,West,7288
325,2023-04-11,Jeans,Clothing,6,80.1,Northeast,8161
326,2024-02-11,Jeans,Clothing,10,57.67,West,6347
327,2023-08-22,Monitor,Electronics,8,790.03,Southwest,6829
328,2023-03-29,Candle,Home,10,42.27,Southwest,5839
329,2024-12-29,Jeans,Clothing,3,21.48,Southwest,3527
330,2023-11-12,Magazine,Books,2,32.04,Northeast,8286
331,2024-03-17,Eggs,Groceries,2,3.44,Southeast,8353
332,2024-07-21,Candle,Home,2,14.67,Midwest,2524
333,2024-02-28,Towel,Home,1,78.54,Midwest,7353
334,2023-06-23,Headphones,Electronics,3,584.79,Southwest,3274
335,2023-06-21,Eggs,Groceries,3,7.43,Northeast,8121
336,2023-09-15,Apples,Groceries,2,8.18,Midwest,5040
337,2023-01-07,Biography,Books,3,39.33,Midwest,7483
338,2023-12-09,Apples,Groceries,6,20.29,Southwest,8055
339,2024-05-05,Blanket,Home,10,31.23,Southeast,6147
340,2024-08-12,Socks,Clothing,5,145.61,Southwest,4971
341,2023-04-27,Apples,Groceries,7,7.72,Midwest,4273
342,2024-04-17,Blanket,Home,9,63.25,Northeast,4434
343,2024-11-20,Comic,Books,2,67.34,Southwest,9180
344,2024-01-22,Hat,Clothing,3,43.87,Southwest,2211
345,2024-12-09,Guide,Books,9,48.66,West,7853
346,2024-08-31,Lamp,Home,6,72.41,West,2392
347,2024-10-24,Headphones,Electronics,6,667.86,Southeast,1725
348,2023-04-19,Candle,Home,6,87.2,Southwest,1172
349,2024-08-17,Monitor,Electronics,9,245.33,West,4621
350,2023-06-04,Magazine,Books,10,34.33,West,6651
351,2023-04-29,Webcam,Electronics,7,131.4,Northeast,3321
352,2024-05-09,Eggs,Groceries,4,9.22,West,6706
353,2023-03-10,Textbook,Books,8,37.85,Midwest,5919
354,2024-11-24,Phone,Electronics,6,51.9,Northeast,3692
355,2024-03-12,Jacket,Clothing,6,87.26,West,8570
356,2024-02-10,Socks,Clothing,3,98.16,Southwest,1478
357,2023-01-05,Mug,Home,7,43.75,Southwest,4519
358,2023-04-15,Hat,Clothing,2,115.32,West,9796
359,2023-09-26,Scarf,Clothing,8,55.63,Northeast,9019
360,2024-08-24,Towel,Home,10,56.14,Southwest,2871
361,2024-11-20,Chicken,Groceries,10,21.28,Southeast,5873
362,2023-09-02,Pillow,Home,6,62.45,Northeast,6003
363,2024-02-02,Tablet,Electronics,3,392.1,West,7852
364,2024-05-13,Blanket,Home,7,54.27,Southeast,9804
365,2023-11-19,Jacket,Clothing,3,78.54,Southeast,8389
366,2023-05-20,Lamp,Home,1,78.69,Southwest,4196
367,2024-12-28,Guide,Books,8,35.68,Southwest,8272
368,2023-10-27,Cookbook,Books,1,11.19,Southeast,1535
369,2024-08-02,Milk,Groceries,3,13.89,Southwest,9115
370,2024-01-11,Pillow,Home,5,54.1,West,9880
371,2024-10-31,Webcam,Electronics,7,559.95,Northeast,5055
372,2024-03-25,Rice,Groceries,6,11.78,Northeast,2923
373,2024-12-28,Sneakers,Clothing,10,123.49,Midwest,8015
374,2024-08-06,Jacket,Clothing,4,119.87,Northeast,6747
375,2024-12-21,Plate,Home,3,56.13,Midwest,5794
376,2023-05-19,Eggs,Groceries,9,23.85,Northeast,7743
377,2023-09-13,Monitor,Electronics,3,871.03,Southeast,3396
378,2023-05-26,Milk,Groceries,7,19.27,Southwest,5402
379,2024-06-11,Journal,Books,2,38.89,Southwest,5558
380,2023-01-03,Cheese,Groceries,6,23.8,West,2526
381,2023-08-12,Magazine,Books,9,68.75,Southwest,8039
382,2024-07-14,Dress,Clothing,5,47.59,Midwest,3139
383,2023-04-12,Vase,Home,1,72.21,Northeast,8529
384,2024-04-12,Phone,Electronics,3,931.54,Southwest,1011
385,2023-06-12,Biography,Books,3,79.67,Midwest,5489
386,2023-02-23,Keyboard,Electronics,6,272.87,Southeast,7493
387,2023-01-02,Milk,Groceries,2,11.29,Northeast,4496
388,2024-11-27,Textbook,Books,4,14.94,West,8291
389,2024-12-11,Laptop,Electronics,2,704.72,Southwest,3165
390,2023-04-16,Textbook,Books,2,22.16,Northeast,6133
391,2023-03-12,Eggs,Groceries,3,4.28,Southeast,9691
392,2023-12-26,Lamp,Home,3,57.26,Southwest,4490
393,2023-03-30,Socks,Clothing,8,96.24,Southeast,2646
394,2024-03-15,Jeans,Clothing,7,92.53,Midwest,6152
395,2024-07-20,Sneakers,Clothing,2,48.77,Southeast,5668
396,2023-07-13,Monitor,Electronics,10,229.27,West,7418
397,2024-01-31,Rice,Groceries,4,19.8,Southwest,2847
398,2023-01-13,Dress,Clothing,2,99.32,West,6916
399,2024-01-10,Bread,Groceries,10,10.27,Southwest,9951
400,2024-08-24,Dress,Clothing,2,143.61,Northeast,2106
401,2024-06-02,Monitor,Electronics,1,239.26,Southwest,5693
402,2024-10-17,Candle,Home,7,41.57,Northeast,9791
403,2024-06-07,Blanket,Home,5,29.3,Northeast,4329
404,2024-12-16,Scarf,Clothing,2,64.69,Midwest,8167
405,2024-04-09,T-Shirt,Clothing,7,44.22,Northeast,1901
406,2023-06-17,Bread,Groceries,3,3.86,Northeast,9133
407,2023-05-01,Eggs,Groceries,3,5.0,Midwest,1480
408,2024-12-30,Apples,Groceries,2,7.52,Midwest,2262
409,2024-08-03,Guide,Books,1,43.3,Southwest,3734
410,2024-11-21,Bread,Groceries,2,7.11,West,2889
411,2023-02-17,T-Shirt,Clothing,1,16.16,Southeast,8729
412,2024-07-20,Apples,Groceries,3,23.08,Northeast,7870
413,2023-03-21,Scarf,Clothing,6,44.75,Midwest,7108
414,2024-02-15,Laptop,Electronics,9,203.95,Northeast,2129
415,2023-03-30,Comic,Books,5,63.0,Midwest,8483
416,2024-09-29,Keyboard,Electronics,10,224.64,Midwest,4974
417,2024-07-13,Magazine,Books,8,49.37,Southeast,5016
418,2024-07-08,T-Shirt,Clothing,1,140.53,Southeast,6675
419,2023-04-17,Keyboard,Electronics,7,31.41,Midwest,4361
420,2024-12-29,Mug,Home,1,41.25,Southeast,5584
421,2024-12-18,Laptop,Electronics,9,923.63,Southwest,7102
422,2024-10-14,Textbook,Books,9,48.55,Southeast,7461
423,2023-10-26,Laptop,Electronics,3,451.92,Southeast,5276
424,2024-04-08,Apples,Groceries,6,17.81,Midwest,5455
425,2023-04-22,Jeans,Clothing,3,142.09,West,3546
426,2023-05-04,Tablet,Electronics,6,466.07,Southwest,9780
427,2023-05-03,Milk,Groceries,8,11.84,Midwest,2481
428,2023-08-09,Hat,Clothing,10,125.68,Northeast,6370
429,2024-06-09,Jeans,Clothing,6,109.55,Southwest,1802
430,2024-02-19,Eggs,Groceries,3,20.67,Northeast,8408
431,2023-05-05,Mug,Home,2,13.95,Southeast,1195
432,2024-12-03,Headphones,Electronics,7,156.78,Midwest,2376
433,2023-03-08,Plate,Home,2,83.05,Northeast,4239
434,2023-02-13,Cookbook,Books,6,11.89,Northeast,8552
435,2024-05-23,Tablet,Electronics,7,926.4,Southwest,1483
436,2023-10-09,Journal,Books,4,17.95,Southeast,5585
437,2023-09-09,Cookbook,Books,10,7.59,West,5835
438,2023-03-31,Journal,Books,8,71.2,Northeast,5583
439,2024-10-07,Cookbook,Books,9,36.43,Southeast,9907
440,2024-07-11,Mouse,Electronics,6,788.45,Southwest,8940
441,2023-11-23,Chicken,Groceries,3,10.31,Northeast,4588
442,2024-01-02,Monitor,Electronics,8,86.82,West,4813
443,2024-06-30,Jeans,Clothing,4,44.69,Midwest,1916
444,2023-08-31,Socks,Clothing,3,59.66,Southeast,6210
445,2024-07-31,Rice,Groceries,6,17.87,West,3328
446,2023-11-13,Mug,Home,8,76.27,West,3876
447,2023-08-13,Novel,Books,4,11.76,West,1326
448,2023-05-14,Vase,Home,10,6.05,Southeast,6582
449,2024-12-22,Scarf,Clothing,3,18.33,West,3320
450,2024-08-23,Keyboard,Electronics,6,961.73,Southwest,2655
451,2024-10-16,Eggs,Groceries,3,8.73,Southwest,8982
452,2024-01-01,Bread,Groceries,9,17.96,West,4657
453,2023-07-01,Blanket,Home,5,37.77,Southeast,1029
454,2023-07-06,Candle,Home,10,77.45,Northeast,6213
455,2023-05-25,Mug,Home,2,59.72,Southwest,6425
456,2024-10-13,Headphones,Electronics,6,366.4,Southeast,2453
457,2024-12-10,Cheese,Groceries,4,1.26,Southeast,2110
458,2024-01-31,Eggs,Groceries,1,19.88,Northeast,8179
459,2023-12-26,Cookbook,Books,8,71.33,Southwest,9946
460,2023-06-16,Textbook,Books,10,67.15,Southeast,8393
461,2023-04-18,Laptop,Electronics,6,316.05,Midwest,2215
462,2024-07-14,Bread,Groceries,3,22.3,Northeast,2525
463,2024-09-13,Cheese,Groceries,7,17.9,Southeast,8113
464,2024-02-24,T-Shirt,Clothing,4,24.17,Southeast,9849
465,2024-02-07,Eggs,Groceries,2,8.13,Northeast,9043
466,2023-10-29,T-Shirt,Clothing,7,60.51,Northeast,8869
467,2023-03-25,Jeans,Clothing,3,13.59,Midwest,8758
468,2024-11-07,Monitor,Electronics,8,791.32,Southwest,5341
469,2023-07-11,Mouse,Electronics,7,209.32,Midwest,8303
470,2023-10-03,Monitor,Electronics,5,456.54,Southeast,2009
471,2024-02-28,Jeans,Clothing,6,21.99,West,4727
472,2024-07-02,Lamp,Home,9,76.62,Southwest,8779
473,2023-02-05,Mug,Home,2,46.0,Southwest,9226
474,2023-06-21,Blanket,Home,8,16.09,Southeast,4471
475,2023-07-26,Jacket,Clothing,2,15.96,Southwest,3422
476,2024-02-02,Plate,Home,2,32.85,Northeast,7510
477,2023-01-13,Towel,Home,9,77.95,Southwest,9561
478,2024-08-25,Textbook,Books,3,36.07,West,2641
479,2024-02-25,Phone,Electronics,9,792.16,Midwest,5327
480,2023-06-26,Guide,Books,8,47.89,Northeast,5512
481,2024-02-10,Cookbook,Books,7,51.36,Northeast,6431
482,2023-01-21,T-Shirt,Clothing,5,114.39,Midwest,6535
483,2023-08-22,Eggs,Groceries,8,7.72,Northeast,3201
484,2024-03-02,Cheese,Groceries,6,19.57,Midwest,2462
485,2024-06-12,Dress,Clothing,7,39.58,Southwest,7126
486,2023-05-19,Tablet,Electronics,9,93.64,Southwest,9589
487,2023-09-13,Lamp,Home,4,20.58,Northeast,1541
488,2024-01-13,Novel,Books,4,73.84,Midwest,8605
489,2023-09-05,Candle,Home,2,59.36,Northeast,7102
490,2024-07-18,Guide,Books,8,18.31,West,6730
491,2023-10-19,Bread,Groceries,5,21.09,Northeast,1449
492,2023-08-15,Novel,Books,10,17.21,Southeast,4688
493,2024-11-29,Hat,Clothing,9,101.21,Northeast,1145
494,2023-08-18,Cookbook,Books,10,53.54,Northeast,5135
495,2024-01-21,Plate,Home,5,65.86,Southwest,6713
496,2024-09-30,Comic,Books,5,21.36,West,7506
497,2024-10-24,Pillow,Home,6,6.61,West,5631
498,2024-10-17,Pasta,Groceries,6,12.55,Midwest,6327
499,2023-06-03,Eggs,Groceries,5,16.74,Southeast,9475
500,2024-11-07,T-Shirt,Clothing,10,122.75,Southwest,6236
